{
  "IcoMoonType": "selection",
  "icons": [
    {
      "icon": {
        "paths": [
          "M718.302 1009.778l291.476-291.476v-412.604l-291.476-291.476h-412.604l-291.476 291.476v412.604l291.476 291.476h412.604z",
          "M649.718 843.851l194.133-194.133v-274.884l-194.133-194.687h-275.436l-194.133 194.687v274.884l194.133 194.133h275.436z",
          "M580.582 677.926l97.344-97.344v-137.163l-97.344-97.344h-137.165l-97.344 97.344v137.163l97.344 97.344h137.165z"
        ],
        "attrs": [
          {
            "fill": "none",
            "strokeLinejoin": "miter",
            "strokeLinecap": "butt",
            "strokeMiterlimit": "10",
            "strokeWidth": 14.222222222222221
          },
          {
            "fill": "none",
            "strokeLinejoin": "miter",
            "strokeLinecap": "butt",
            "strokeMiterlimit": "10",
            "strokeWidth": 14.222222222222221
          },
          {
            "fill": "none",
            "strokeLinejoin": "miter",
            "strokeLinecap": "butt",
            "strokeMiterlimit": "10",
            "strokeWidth": 14.222222222222221
          }
        ],
        "isMulticolor": false,
        "isMulticolor2": false,
        "grid": 0,
        "tags": [
          "feature-icon1"
        ]
      },
      "attrs": [
        {
          "fill": "none",
          "strokeLinejoin": "miter",
          "strokeLinecap": "butt",
          "strokeMiterlimit": "10",
          "strokeWidth": 14.222222222222221
        },
        {
          "fill": "none",
          "strokeLinejoin": "miter",
          "strokeLinecap": "butt",
          "strokeMiterlimit": "10",
          "strokeWidth": 14.222222222222221
        },
        {
          "fill": "none",
          "strokeLinejoin": "miter",
          "strokeLinecap": "butt",
          "strokeMiterlimit": "10",
          "strokeWidth": 14.222222222222221
        }
      ],
      "properties": {
        "order": 19,
        "id": 3,
        "name": "feature-icon1",
        "prevSize": 32
      },
      "setIdx": 0,
      "setId": 5,
      "iconIdx": 0
    },
    {
      "icon": {
        "paths": [
          "M444.145 261.778l216.181 124.719-216.181 124.719-216.181-124.719 216.181-124.719z",
          "M444.145 511.217l-216.181-124.719v249.439l216.181 124.719v-249.439z",
          "M227.963 386.497l-215.626-124.719v249.439l215.626 124.719v-249.439z",
          "M444.145 760.654l-216.181-124.719v249.44l216.181 124.719v-249.44z",
          "M227.963 635.935l-215.626-124.719v249.439l215.626 124.719v-249.439z",
          "M227.963 137.057l216.181 124.719-216.181 124.721-215.626-124.721 215.626-124.719z",
          "M660.326 137.057l215.626 124.719-215.626 124.721-216.181-124.721 216.181-124.719z",
          "M444.145 12.337l216.181 124.719-216.181 124.719-216.181-124.719 216.181-124.719z",
          "M444.145 511.217l216.181-124.719v249.439l-216.181 124.719v-249.439z",
          "M660.326 386.497l215.626-124.719v249.439l-215.626 124.719v-249.439z",
          "M444.145 760.654l216.181-124.719v249.44l-216.181 124.719v-249.44z",
          "M660.326 635.935l215.626-124.719v249.439l-215.626 124.719v-249.439z"
        ],
        "attrs": [
          {
            "fill": "none",
            "strokeLinejoin": "miter",
            "strokeLinecap": "butt",
            "strokeMiterlimit": "10",
            "strokeWidth": 12.337349397590362
          },
          {
            "fill": "none",
            "strokeLinejoin": "miter",
            "strokeLinecap": "butt",
            "strokeMiterlimit": "10",
            "strokeWidth": 12.337349397590362
          },
          {
            "fill": "none",
            "strokeLinejoin": "miter",
            "strokeLinecap": "butt",
            "strokeMiterlimit": "10",
            "strokeWidth": 12.337349397590362
          },
          {
            "fill": "none",
            "strokeLinejoin": "miter",
            "strokeLinecap": "butt",
            "strokeMiterlimit": "10",
            "strokeWidth": 12.337349397590362
          },
          {
            "fill": "none",
            "strokeLinejoin": "miter",
            "strokeLinecap": "butt",
            "strokeMiterlimit": "10",
            "strokeWidth": 12.337349397590362
          },
          {
            "fill": "none",
            "strokeLinejoin": "miter",
            "strokeLinecap": "butt",
            "strokeMiterlimit": "10",
            "strokeWidth": 12.337349397590362
          },
          {
            "fill": "none",
            "strokeLinejoin": "miter",
            "strokeLinecap": "butt",
            "strokeMiterlimit": "10",
            "strokeWidth": 12.337349397590362
          },
          {
            "fill": "none",
            "strokeLinejoin": "miter",
            "strokeLinecap": "butt",
            "strokeMiterlimit": "10",
            "strokeWidth": 12.337349397590362
          },
          {
            "fill": "none",
            "strokeLinejoin": "miter",
            "strokeLinecap": "butt",
            "strokeMiterlimit": "10",
            "strokeWidth": 12.337349397590362
          },
          {
            "fill": "none",
            "strokeLinejoin": "miter",
            "strokeLinecap": "butt",
            "strokeMiterlimit": "10",
            "strokeWidth": 12.337349397590362
          },
          {
            "fill": "none",
            "strokeLinejoin": "miter",
            "strokeLinecap": "butt",
            "strokeMiterlimit": "10",
            "strokeWidth": 12.337349397590362
          },
          {
            "fill": "none",
            "strokeLinejoin": "miter",
            "strokeLinecap": "butt",
            "strokeMiterlimit": "10",
            "strokeWidth": 12.337349397590362
          }
        ],
        "width": 888,
        "isMulticolor": false,
        "isMulticolor2": false,
        "grid": 0,
        "tags": [
          "feature-icon2"
        ]
      },
      "attrs": [
        {
          "fill": "none",
          "strokeLinejoin": "miter",
          "strokeLinecap": "butt",
          "strokeMiterlimit": "10",
          "strokeWidth": 12.337349397590362
        },
        {
          "fill": "none",
          "strokeLinejoin": "miter",
          "strokeLinecap": "butt",
          "strokeMiterlimit": "10",
          "strokeWidth": 12.337349397590362
        },
        {
          "fill": "none",
          "strokeLinejoin": "miter",
          "strokeLinecap": "butt",
          "strokeMiterlimit": "10",
          "strokeWidth": 12.337349397590362
        },
        {
          "fill": "none",
          "strokeLinejoin": "miter",
          "strokeLinecap": "butt",
          "strokeMiterlimit": "10",
          "strokeWidth": 12.337349397590362
        },
        {
          "fill": "none",
          "strokeLinejoin": "miter",
          "strokeLinecap": "butt",
          "strokeMiterlimit": "10",
          "strokeWidth": 12.337349397590362
        },
        {
          "fill": "none",
          "strokeLinejoin": "miter",
          "strokeLinecap": "butt",
          "strokeMiterlimit": "10",
          "strokeWidth": 12.337349397590362
        },
        {
          "fill": "none",
          "strokeLinejoin": "miter",
          "strokeLinecap": "butt",
          "strokeMiterlimit": "10",
          "strokeWidth": 12.337349397590362
        },
        {
          "fill": "none",
          "strokeLinejoin": "miter",
          "strokeLinecap": "butt",
          "strokeMiterlimit": "10",
          "strokeWidth": 12.337349397590362
        },
        {
          "fill": "none",
          "strokeLinejoin": "miter",
          "strokeLinecap": "butt",
          "strokeMiterlimit": "10",
          "strokeWidth": 12.337349397590362
        },
        {
          "fill": "none",
          "strokeLinejoin": "miter",
          "strokeLinecap": "butt",
          "strokeMiterlimit": "10",
          "strokeWidth": 12.337349397590362
        },
        {
          "fill": "none",
          "strokeLinejoin": "miter",
          "strokeLinecap": "butt",
          "strokeMiterlimit": "10",
          "strokeWidth": 12.337349397590362
        },
        {
          "fill": "none",
          "strokeLinejoin": "miter",
          "strokeLinecap": "butt",
          "strokeMiterlimit": "10",
          "strokeWidth": 12.337349397590362
        }
      ],
      "properties": {
        "order": 20,
        "id": 2,
        "name": "feature-icon2",
        "prevSize": 32
      },
      "setIdx": 0,
      "setId": 5,
      "iconIdx": 1
    },
    {
      "icon": {
        "paths": [
          "M512 1009.778c137.458 0 248.889-111.431 248.889-248.889s-111.431-248.889-248.889-248.889c-137.458 0-248.889 111.431-248.889 248.889s111.431 248.889 248.889 248.889z",
          "M512 512c137.458 0 248.889-111.431 248.889-248.889s-111.431-248.889-248.889-248.889c-137.458 0-248.889 111.431-248.889 248.889s111.431 248.889 248.889 248.889z",
          "M760.889 760.889c137.458 0 248.889-111.431 248.889-248.889s-111.431-248.889-248.889-248.889c-137.458 0-248.889 111.431-248.889 248.889s111.431 248.889 248.889 248.889z",
          "M263.111 760.889c137.458 0 248.889-111.431 248.889-248.889s-111.431-248.889-248.889-248.889c-137.457 0-248.889 111.431-248.889 248.889s111.431 248.889 248.889 248.889z"
        ],
        "attrs": [
          {
            "fill": "none",
            "strokeLinejoin": "miter",
            "strokeLinecap": "butt",
            "strokeMiterlimit": "10",
            "strokeWidth": 14.222222222222221
          },
          {
            "fill": "none",
            "strokeLinejoin": "miter",
            "strokeLinecap": "butt",
            "strokeMiterlimit": "10",
            "strokeWidth": 14.222222222222221
          },
          {
            "fill": "none",
            "strokeLinejoin": "miter",
            "strokeLinecap": "butt",
            "strokeMiterlimit": "10",
            "strokeWidth": 14.222222222222221
          },
          {
            "fill": "none",
            "strokeLinejoin": "miter",
            "strokeLinecap": "butt",
            "strokeMiterlimit": "10",
            "strokeWidth": 14.222222222222221
          }
        ],
        "isMulticolor": false,
        "isMulticolor2": false,
        "grid": 0,
        "tags": [
          "feature-icon3"
        ]
      },
      "attrs": [
        {
          "fill": "none",
          "strokeLinejoin": "miter",
          "strokeLinecap": "butt",
          "strokeMiterlimit": "10",
          "strokeWidth": 14.222222222222221
        },
        {
          "fill": "none",
          "strokeLinejoin": "miter",
          "strokeLinecap": "butt",
          "strokeMiterlimit": "10",
          "strokeWidth": 14.222222222222221
        },
        {
          "fill": "none",
          "strokeLinejoin": "miter",
          "strokeLinecap": "butt",
          "strokeMiterlimit": "10",
          "strokeWidth": 14.222222222222221
        },
        {
          "fill": "none",
          "strokeLinejoin": "miter",
          "strokeLinecap": "butt",
          "strokeMiterlimit": "10",
          "strokeWidth": 14.222222222222221
        }
      ],
      "properties": {
        "order": 21,
        "id": 1,
        "name": "feature-icon3",
        "prevSize": 32
      },
      "setIdx": 0,
      "setId": 5,
      "iconIdx": 2
    },
    {
      "icon": {
        "paths": [
          "M636.444 263.111v-248.889h248.889v248.889c0 68.582 55.862 124.444 124.444 124.444v248.889c-206.302 0-373.333-167.585-373.333-373.333z",
          "M263.111 387.556h-248.889v-248.889h248.889c68.582 0 124.444-55.862 124.444-124.444h248.889c0 205.749-167.031 373.333-373.333 373.333z",
          "M387.556 760.889v248.889h-248.889v-248.889c0-68.582-55.862-124.444-124.444-124.444v-248.889c206.302 0 373.333 167.031 373.333 373.333z",
          "M760.889 636.444h248.889v248.889h-248.889c-68.582 0-124.444 55.862-124.444 124.444h-248.889c0-206.302 167.031-373.333 373.333-373.333z"
        ],
        "attrs": [
          {
            "fill": "none",
            "strokeLinejoin": "miter",
            "strokeLinecap": "butt",
            "strokeMiterlimit": "10",
            "strokeWidth": 14.222222222222221
          },
          {
            "fill": "none",
            "strokeLinejoin": "miter",
            "strokeLinecap": "butt",
            "strokeMiterlimit": "10",
            "strokeWidth": 14.222222222222221
          },
          {
            "fill": "none",
            "strokeLinejoin": "miter",
            "strokeLinecap": "butt",
            "strokeMiterlimit": "10",
            "strokeWidth": 14.222222222222221
          },
          {
            "fill": "none",
            "strokeLinejoin": "miter",
            "strokeLinecap": "butt",
            "strokeMiterlimit": "10",
            "strokeWidth": 14.222222222222221
          }
        ],
        "isMulticolor": false,
        "isMulticolor2": false,
        "grid": 0,
        "tags": [
          "feature-icon4"
        ]
      },
      "attrs": [
        {
          "fill": "none",
          "strokeLinejoin": "miter",
          "strokeLinecap": "butt",
          "strokeMiterlimit": "10",
          "strokeWidth": 14.222222222222221
        },
        {
          "fill": "none",
          "strokeLinejoin": "miter",
          "strokeLinecap": "butt",
          "strokeMiterlimit": "10",
          "strokeWidth": 14.222222222222221
        },
        {
          "fill": "none",
          "strokeLinejoin": "miter",
          "strokeLinecap": "butt",
          "strokeMiterlimit": "10",
          "strokeWidth": 14.222222222222221
        },
        {
          "fill": "none",
          "strokeLinejoin": "miter",
          "strokeLinecap": "butt",
          "strokeMiterlimit": "10",
          "strokeWidth": 14.222222222222221
        }
      ],
      "properties": {
        "order": 22,
        "id": 0,
        "name": "feature-icon4",
        "prevSize": 32
      },
      "setIdx": 0,
      "setId": 5,
      "iconIdx": 3
    },
    {
      "icon": {
        "paths": [
          "M218.006 805.984c-12.219-12.22-13.238-31.403-3.055-44.776l3.055-3.495 482.71-482.715c13.332-13.33 34.946-13.33 48.271 0 12.22 12.219 13.237 31.397 3.058 44.776l-3.058 3.495-482.71 482.715c-13.33 13.326-34.942 13.326-48.271 0z",
          "M336.368 334.081c-18.851 0.041-34.165-15.208-34.206-34.060-0.037-17.137 12.562-31.351 29.016-33.825l5.044-0.381 388.552-0.837c17.19-0.037 31.423 12.635 33.847 29.144l0.362 5.059-0.806 388.583c-0.041 18.848-15.353 34.099-34.208 34.065-17.135-0.041-31.293-12.698-33.696-29.164l-0.362-5.045 0.71-354.306-354.251 0.765z"
        ],
        "attrs": [
          {},
          {}
        ],
        "isMulticolor": false,
        "isMulticolor2": false,
        "grid": 0,
        "tags": [
          "arrow"
        ]
      },
      "attrs": [
        {},
        {}
      ],
      "properties": {
        "order": 11,
        "id": 0,
        "name": "arrow-subscribe",
        "prevSize": 32
      },
      "setIdx": 2,
      "setId": 3,
      "iconIdx": 0
    },
    {
      "icon": {
        "paths": [
          "M512 512l256-256 256 256h-512z",
          "M512 512l256 256-256 256v-512z",
          "M256 768l256-256 256 256h-512z",
          "M512 512l-256 256-256-256h512z",
          "M512 512l-256-256 256-256v512z",
          "M768 256l-256 256-256-256h512z"
        ],
        "attrs": [
          {},
          {},
          {},
          {},
          {},
          {}
        ],
        "isMulticolor": false,
        "isMulticolor2": false,
        "grid": 0,
        "tags": [
          "decor1"
        ],
        "colorPermutations": {
          "12552552551": [
            {},
            {},
            {},
            {},
            {},
            {}
          ]
        }
      },
      "attrs": [
        {},
        {},
        {},
        {},
        {},
        {}
      ],
      "properties": {
        "order": 3,
        "id": 5,
        "name": "decor1",
        "prevSize": 32
      },
      "setIdx": 3,
      "setId": 2,
      "iconIdx": 0
    },
    {
      "icon": {
        "paths": [
          "M682.666 0h-341.332c0 188.302-153.032 341.334-341.334 341.334v341.332c377.174 0 682.666-305.492 682.666-682.666z",
          "M1024 341.334v341.334c-188.302 0-341.332 153.032-341.332 341.334h-341.334c0-377.174 305.494-682.668 682.666-682.668z"
        ],
        "attrs": [
          {},
          {}
        ],
        "isMulticolor": false,
        "isMulticolor2": false,
        "grid": 0,
        "tags": [
          "decor2"
        ],
        "colorPermutations": {
          "12552552551": [
            {},
            {}
          ]
        }
      },
      "attrs": [
        {},
        {}
      ],
      "properties": {
        "order": 4,
        "id": 4,
        "name": "decor2",
        "prevSize": 32
      },
      "setIdx": 3,
      "setId": 2,
      "iconIdx": 1
    },
    {
      "icon": {
        "paths": [
          "M14.25 53.634c17.272-17.272 44.301-18.843 63.347-4.711l5.457 4.711 419.679 419.658 419.679-419.658c17.274-17.272 44.3-18.843 63.346-4.711l5.459 4.711c17.274 17.272 18.842 44.301 4.71 63.347l-4.71 5.457-454.081 454.082c-17.273 17.272-44.301 18.842-63.348 4.71l-5.456-4.71-454.081-454.082c-19-19-19-49.804 0-68.804z",
          "M14.25 447.48c17.272-17.272 44.301-18.842 63.347-4.71l5.457 4.71 419.679 419.659 419.679-419.659c17.274-17.272 44.3-18.842 63.346-4.71l5.459 4.71c17.274 17.273 18.842 44.301 4.71 63.348l-4.71 5.456-454.081 454.082c-17.273 17.274-44.301 18.842-63.348 4.71l-5.456-4.71-454.081-454.082c-19-19-19-49.804 0-68.804z"
        ],
        "attrs": [
          {},
          {}
        ],
        "isMulticolor": false,
        "isMulticolor2": false,
        "grid": 0,
        "tags": [
          "hero-arrows"
        ],
        "colorPermutations": {
          "12552552551": [
            {},
            {}
          ]
        }
      },
      "attrs": [
        {},
        {}
      ],
      "properties": {
        "order": 5,
        "id": 3,
        "name": "hero-arrows",
        "prevSize": 32
      },
      "setIdx": 3,
      "setId": 2,
      "iconIdx": 2
    },
    {
      "icon": {
        "paths": [
          "M1006.933 512c0 273.344-221.589 494.933-494.933 494.933s-494.933-221.589-494.933-494.933c0-273.344 221.589-494.933 494.933-494.933s494.933 221.589 494.933 494.933z",
          "M512 458.24c-14.257 0-27.931 5.663-38.014 15.746s-15.746 23.757-15.746 38.014c0 14.257 5.663 27.931 15.746 38.014s23.757 15.746 38.014 15.746c14.257 0 27.931-5.663 38.014-15.746s15.746-23.757 15.746-38.014c0-14.257-5.663-27.931-15.746-38.014s-23.757-15.746-38.014-15.746zM512 422.4c23.764 0 46.554 9.441 63.358 26.242 16.8 16.804 26.242 39.595 26.242 63.358s-9.441 46.554-26.242 63.358c-16.804 16.8-39.595 26.242-63.358 26.242s-46.554-9.441-63.358-26.242c-16.8-16.804-26.242-39.595-26.242-63.358s9.441-46.554 26.242-63.358c16.804-16.8 39.595-26.242 63.358-26.242zM628.48 417.918c0 5.943-2.359 11.639-6.56 15.841s-9.899 6.56-15.841 6.56c-5.939 0-11.636-2.359-15.838-6.56s-6.56-9.899-6.56-15.841c0-5.939 2.359-11.636 6.56-15.838s9.899-6.56 15.838-6.56c5.943 0 11.639 2.359 15.841 6.56s6.56 9.899 6.56 15.838zM512 368.64c-44.336 0-51.575 0.126-72.199 1.038-14.049 0.666-23.477 2.546-32.222 5.949-7.776 3.011-13.387 6.615-19.354 12.599-5.608 5.42-9.919 12.035-12.616 19.354-3.403 8.783-5.287 18.19-5.932 32.222-0.932 19.784-1.038 26.699-1.038 72.199 0 44.332 0.126 51.572 1.038 72.199 0.666 14.032 2.546 23.477 5.932 32.205 3.048 7.793 6.632 13.401 12.582 19.35 6.038 6.021 11.646 9.626 19.354 12.599 8.851 3.424 18.278 5.321 32.256 5.967 19.784 0.932 26.699 1.041 72.199 1.041 44.332 0 51.572-0.126 72.199-1.041 14.015-0.662 23.46-2.543 32.205-5.929 7.759-3.031 13.401-6.632 19.35-12.582 6.042-6.038 9.643-11.646 12.616-19.354 3.407-8.834 5.304-18.278 5.949-32.256 0.932-19.784 1.041-26.699 1.041-72.199 0-44.336-0.126-51.575-1.041-72.199-0.662-14.015-2.543-23.477-5.949-32.222-2.7-7.311-7.004-13.923-12.595-19.354-5.417-5.612-12.035-9.923-19.354-12.616-8.783-3.403-18.207-5.287-32.222-5.932-19.784-0.932-26.699-1.038-72.199-1.038zM512 332.8c48.688 0 54.764 0.179 73.865 1.075 19.087 0.896 32.079 3.889 43.51 8.332 11.827 4.553 21.791 10.718 31.758 20.661 9.11 8.96 16.162 19.797 20.661 31.754 4.424 11.418 7.438 24.426 8.332 43.51 0.843 19.104 1.075 25.18 1.075 73.868s-0.177 54.764-1.075 73.865c-0.894 19.087-3.908 32.079-8.332 43.51-4.485 11.967-11.54 22.808-20.661 31.758-8.963 9.107-19.797 16.159-31.758 20.661-11.414 4.424-24.422 7.438-43.51 8.332-19.101 0.843-25.177 1.075-73.865 1.075s-54.764-0.177-73.868-1.075c-19.084-0.894-32.075-3.908-43.51-8.332-11.964-4.492-22.801-11.544-31.754-20.661-9.114-8.96-16.162-19.794-20.661-31.758-4.443-11.414-7.436-24.422-8.332-43.51-0.842-19.101-1.075-25.177-1.075-73.865s0.179-54.764 1.075-73.868c0.896-19.101 3.889-32.075 8.332-43.51 4.485-11.967 11.537-22.804 20.661-31.754 8.957-9.117 19.794-16.166 31.754-20.661 11.435-4.443 24.409-7.436 43.51-8.332 19.104-0.842 25.18-1.075 73.868-1.075z"
        ],
        "attrs": [
          {
            "fill": "none",
            "stroke": "rgb(0, 0, 0)",
            "strokeLinejoin": "miter",
            "strokeLinecap": "butt",
            "strokeMiterlimit": "4",
            "strokeWidth": 34.13333333333333
          },
          {}
        ],
        "isMulticolor": false,
        "isMulticolor2": true,
        "grid": 0,
        "tags": [
          "instagram"
        ],
        "colorPermutations": {
          "12552552551": [
            {
              "s": 0
            },
            {}
          ]
        }
      },
      "attrs": [
        {
          "fill": "none",
          "stroke": "rgb(0, 0, 0)",
          "strokeLinejoin": "miter",
          "strokeLinecap": "butt",
          "strokeMiterlimit": "4",
          "strokeWidth": 34.13333333333333
        },
        {}
      ],
      "properties": {
        "order": 6,
        "id": 2,
        "name": "instagram",
        "prevSize": 32
      },
      "setIdx": 3,
      "setId": 2,
      "iconIdx": 3
    },
    {
      "icon": {
        "paths": [
          "M1006.933 512c0 273.344-221.589 494.933-494.933 494.933s-494.933-221.589-494.933-494.933c0-273.344 221.589-494.933 494.933-494.933s494.933 221.589 494.933 494.933z",
          "M520.045 447.853c17.439-17.818 40.144-29.478 66.56-29.478 27.74 0 54.344 11.022 73.96 30.638 19.616 19.613 30.635 46.217 30.635 73.957v142.63h-38.035v-142.63c0-17.65-7.011-34.58-19.494-47.063s-29.413-19.497-47.066-19.497c-17.654 0-34.58 7.014-47.063 19.497s-19.497 29.413-19.497 47.063v142.63h-38.035v-237.715h38.035v19.968zM386.925 389.85c-7.564 0-14.821-3.004-20.169-8.352-5.352-5.352-8.356-12.605-8.356-20.173 0-7.564 3.004-14.821 8.356-20.17 5.349-5.35 12.605-8.355 20.169-8.355 7.567 0 14.821 3.005 20.173 8.355 5.349 5.349 8.352 12.606 8.352 20.17 0 7.567-3.004 14.821-8.352 20.173-5.352 5.349-12.605 8.352-20.173 8.352zM367.91 427.885h38.035v237.715h-38.035v-237.715z"
        ],
        "attrs": [
          {
            "fill": "none",
            "stroke": "rgb(0, 0, 0)",
            "strokeLinejoin": "miter",
            "strokeLinecap": "butt",
            "strokeMiterlimit": "4",
            "strokeWidth": 34.13333333333333
          },
          {}
        ],
        "isMulticolor": false,
        "isMulticolor2": true,
        "grid": 0,
        "tags": [
          "linkedin"
        ],
        "colorPermutations": {
          "12552552551": [
            {
              "s": 0
            },
            {}
          ]
        }
      },
      "attrs": [
        {
          "fill": "none",
          "stroke": "rgb(0, 0, 0)",
          "strokeLinejoin": "miter",
          "strokeLinecap": "butt",
          "strokeMiterlimit": "4",
          "strokeWidth": 34.13333333333333
        },
        {}
      ],
      "properties": {
        "order": 7,
        "id": 1,
        "name": "linkedin",
        "prevSize": 32
      },
      "setIdx": 3,
      "setId": 2,
      "iconIdx": 4
    },
    {
      "icon": {
        "paths": [
          "M1011.2 512c0 275.701-223.499 499.2-499.2 499.2s-499.2-223.499-499.2-499.2c0-275.701 223.499-499.2 499.2-499.2s499.2 223.499 499.2 499.2z",
          "M585.185 372.81c-15.194-0.003-29.783 5.96-40.625 16.604-10.844 10.644-17.073 25.119-17.352 40.312l-0.561 31.485c-0.031 1.692-0.422 3.356-1.142 4.884-0.722 1.531-1.759 2.89-3.041 3.991-1.285 1.101-2.788 1.917-4.408 2.396s-3.325 0.609-5.002 0.384l-31.206-4.239c-41.062-5.596-80.407-24.509-118.152-55.956-11.955 66.173 11.395 112.015 67.633 147.379l34.926 21.952c1.659 1.042 3.036 2.476 4.014 4.175s1.523 3.612 1.59 5.571c0.069 1.958-0.346 3.904-1.206 5.665-0.858 1.761-2.135 3.287-3.72 4.442l-31.826 23.25c18.931 1.178 36.905 0.338 51.817-2.619 94.323-18.834 157.036-89.805 157.036-206.876 0-9.556-20.232-42.801-58.775-42.801zM487.227 428.987c0.348-19.272 6.374-38.011 17.324-53.875 10.949-15.862 26.332-28.142 44.229-35.302 17.894-7.16 37.504-8.881 56.371-4.948 18.87 3.93 36.16 13.343 49.705 27.054 14.216-0.1 26.309 3.497 53.358-12.895-6.697 32.786-9.994 47.020-24.269 66.591 0 152.778-93.901 227.067-189.181 246.080-65.334 13.033-160.335-8.376-187.564-36.805 13.875-1.080 70.252-7.137 102.838-30.989-27.569-18.171-137.303-82.744-65.193-256.353 33.846 39.524 68.173 66.432 102.958 80.707 23.15 9.498 28.828 9.295 39.442 10.755l-0.018-0.018z"
        ],
        "attrs": [
          {
            "fill": "none",
            "stroke": "rgb(0, 0, 0)",
            "strokeLinejoin": "miter",
            "strokeLinecap": "butt",
            "strokeMiterlimit": "4",
            "strokeWidth": 25.6
          },
          {}
        ],
        "isMulticolor": false,
        "isMulticolor2": true,
        "grid": 0,
        "tags": [
          "twitter"
        ],
        "colorPermutations": {
          "12552552551": [
            {
              "s": 0
            },
            {}
          ]
        }
      },
      "attrs": [
        {
          "fill": "none",
          "stroke": "rgb(0, 0, 0)",
          "strokeLinejoin": "miter",
          "strokeLinecap": "butt",
          "strokeMiterlimit": "4",
          "strokeWidth": 25.6
        },
        {}
      ],
      "properties": {
        "order": 8,
        "id": 0,
        "name": "twitter",
        "prevSize": 32
      },
      "setIdx": 3,
      "setId": 2,
      "iconIdx": 5
    },
    {
      "icon": {
        "paths": [
          "M621.254 877.254l320-320c24.994-24.992 24.994-65.516 0-90.51l-320-320c-24.994-24.992-65.516-24.992-90.51 0-24.994 24.994-24.994 65.516 0 90.51l210.746 210.746h-613.49c-35.346 0-64 28.654-64 64s28.654 64 64 64h613.49l-210.746 210.746c-12.496 12.496-18.744 28.876-18.744 45.254s6.248 32.758 18.744 45.254c24.994 24.994 65.516 24.994 90.51 0z"
        ],
        "tags": [
          "arrow-right",
          "right",
          "next"
        ],
        "defaultCode": 59964,
        "grid": 16,
        "attrs": []
      },
      "attrs": [],
      "properties": {
        "ligatures": "arrow-right2, right4",
        "name": "arrow-btn",
        "order": 9,
        "id": 317,
        "prevSize": 32
      },
      "setIdx": 4,
      "setId": 1,
      "iconIdx": 316
    }
  ],
  "height": 1024,
  "preferences": {
    "showGlyphs": true,
    "showQuickUse": true,
    "showQuickUse2": true,
    "showSVGs": true,
    "fontPref": {
      "prefix": "icon-",
      "metadata": {
        "fontFamily": "icomoon"
      },
      "metrics": {
        "emSize": 1024,
        "baseline": 6.25,
        "whitespace": 50
      },
      "embed": false
    },
    "imagePref": {
      "prefix": "icon-",
      "png": true,
      "useClassSelector": true,
      "color": 0,
      "bgColor": 16777215,
      "classSelector": ".icon",
      "name": "icomoon"
    },
    "historySize": 50,
    "showCodes": true,
    "gridSize": 16
  }
}